{"cameraMode":{"drawMode":0,"name":"Shaded","section":"Shading Mode"},"sceneLighting":false,"audioPlay":false,"sceneViewState":{"showFog":true,"showMaterialUpdate":false,"showSkybox":false,"showFlares":true,"showImageEffects":true,"showParticleSystems":true},"in2DMode":false,"pivot":{"x":2.384185791015625e-7,"y":1.500479817390442,"z":0.0},"rotation":{"x":-0.050470076501369479,"y":-0.9421206712722778,"z":0.28711360692977908,"w":-0.16561155021190644},"size":5.984348773956299,"orthographic":false}